,Date,API,Code
0,22/Nov/2019 09:31:44,update_problem,200
1,22/Nov/2019 09:41:07,update_problem,200
2,22/Nov/2019 10:11:43,get_problems,200
3,22/Nov/2019 10:12:16,get_problems,200
4,22/Nov/2019 10:15:50,get_problems,200
5,22/Nov/2019 10:17:13,get_problems,200
6,22/Nov/2019 10:17:25,get_problems,200
7,22/Nov/2019 10:17:31,get_problems,200
8,22/Nov/2019 10:17:47,get_problems,200
9,22/Nov/2019 10:17:52,get_problems,200
10,22/Nov/2019 10:17:58,get_problems,200
11,22/Nov/2019 10:19:22,get_problems,200
12,22/Nov/2019 10:20:24,get_problems,200
13,22/Nov/2019 10:24:27,get_problems,200
14,22/Nov/2019 10:24:39,get_problems,200
15,22/Nov/2019 10:24:45,get_problems,200
16,22/Nov/2019 12:10:16,None,200
17,22/Nov/2019 12:40:36,None,200
18,22/Nov/2019 12:51:44,get_problems,200
19,22/Nov/2019 13:59:17,update_testcase,200
20,22/Nov/2019 14:35:56,update_testcase,200
21,22/Nov/2019 14:38:42,update_testcase,200
22,22/Nov/2019 14:41:46,update_testcase,200
23,22/Nov/2019 14:45:06,update_testcase,200
24,22/Nov/2019 14:47:05,update_testcase,200
25,22/Nov/2019 14:48:58,update_testcase,200
26,22/Nov/2019 15:33:20,update_testcase,200
27,22/Nov/2019 15:35:47,update_testcase,200
28,22/Nov/2019 15:37:20,update_testcase,200
29,22/Nov/2019 16:39:12,update_testcase,200
30,22/Nov/2019 16:43:57,update_testcase,200
31,22/Nov/2019 16:50:00,update_testcase,200
32,22/Nov/2019 16:53:40,None,200
33,22/Nov/2019 16:55:37,None,200
34,25/Nov/2019 08:27:32,None,404
35,25/Nov/2019 08:27:32,None,404
36,25/Nov/2019 08:27:52,None,200
37,25/Nov/2019 08:40:30,None,200
38,25/Nov/2019 08:54:02,None,200
39,25/Nov/2019 10:00:26,None,500
40,25/Nov/2019 10:00:51,None,500
41,25/Nov/2019 10:19:48,None,200
42,25/Nov/2019 10:21:36,None,200
43,25/Nov/2019 10:22:13,None,200
44,25/Nov/2019 10:25:54,None,200
45,25/Nov/2019 10:26:21,None,200
46,25/Nov/2019 10:27:13,None,200
47,25/Nov/2019 10:27:55,None,200
48,25/Nov/2019 10:28:15,None,200
49,25/Nov/2019 10:28:47,None,200
50,25/Nov/2019 10:29:07,None,200
51,25/Nov/2019 10:29:20,None,200
52,25/Nov/2019 11:10:06,None,404
53,25/Nov/2019 11:10:13,None,200
54,25/Nov/2019 11:25:47,create_problem_id,200
55,25/Nov/2019 11:56:40,get_checkfile_required_packages,200
56,25/Nov/2019 11:56:49,get_checkfile_required_packages,200
57,25/Nov/2019 11:56:56,get_checkfile_required_packages,200
58,25/Nov/2019 12:26:18,get_checkfile_required_packages,200
59,25/Nov/2019 12:27:38,get_checkfile_required_packages,200
60,25/Nov/2019 12:34:37,None,404
61,25/Nov/2019 12:35:29,None,404
62,25/Nov/2019 12:36:07,update_checkfile_required_packages,200
63,25/Nov/2019 14:48:44,None,200
64,25/Nov/2019 14:52:40,None,200
65,25/Nov/2019 14:59:15,None,200
66,25/Nov/2019 15:06:44,create_testcases,200
67,25/Nov/2019 15:11:56,create_problem_id,200
68,25/Nov/2019 15:12:45,create_testcases,200
69,25/Nov/2019 15:26:05,update_problem,200
70,25/Nov/2019 15:30:08,update_problem,200
71,25/Nov/2019 15:31:41,update_problem,200
72,25/Nov/2019 15:33:08,create_problem_id,200
73,25/Nov/2019 15:33:54,create_testcases,200
74,25/Nov/2019 15:34:40,update_problem,200
75,25/Nov/2019 15:35:32,create_problem_id,200
76,25/Nov/2019 15:38:16,create_testcases,200
77,25/Nov/2019 15:38:54,update_problem,200
78,25/Nov/2019 15:40:27,create_problem_id,200
79,25/Nov/2019 15:41:01,create_testcases,200
80,25/Nov/2019 15:46:47,update_problem,200
81,"25/Nov/2019 15:46:52] code 400, message Bad request syntax ('\x16\x03\x01\x02\x00\x01\x00\x01├╝\x03\x03Z\x10\x82├Ö\x08\tF=├®:├ûP\x92├î├¿\x93├åb\x99┬®┬¢├ô├è\x89┬®├ä├ê2\x1b├á\x1d$ ┬┤├äF\x1f\'0v┬│\x9c├û┬¼├╝\x8eZB├ò\x9b├¢\x96?├╝├Å\x",None,NA
82,25/Nov/2019 15:46:52,None,NA
83,"25/Nov/2019 15:46:57] code 400, message Bad HTTP/0.9 request type ('\x16\x03\x01\x02\x00\x01\x00\x01├╝\x03\x03├┐%┬©├░`\xadUG#\x16\x891k\x8e\x8d├ó\x92├Ø$\x9d\x98E├áb\x05E$┬®C├Ñ├û'",None,NA
84,25/Nov/2019 15:46:57,None,NA
85,"25/Nov/2019 15:46:58] code 400, message Bad request version ('├╣├â'",None,NA
86,25/Nov/2019 15:46:58,None,NA
87,25/Nov/2019 15:47:07,get_problems,200
88,25/Nov/2019 16:24:36,update_problem,200
89,25/Nov/2019 16:36:41,get_problems,200
90,25/Nov/2019 16:49:06,None,500
91,25/Nov/2019 16:49:06,None,200
92,25/Nov/2019 16:49:06,None,200
93,25/Nov/2019 16:49:06,None,200
94,25/Nov/2019 16:49:06,None,200
95,25/Nov/2019 16:49:06,None,200
96,25/Nov/2019 16:49:15,None,404
97,25/Nov/2019 16:49:15,None,404
98,25/Nov/2019 16:50:56,None,500
99,25/Nov/2019 16:50:56,None,200
100,25/Nov/2019 16:50:56,None,200
101,25/Nov/2019 16:50:56,None,200
102,25/Nov/2019 16:50:56,None,200
103,25/Nov/2019 16:50:56,None,200
104,25/Nov/2019 16:50:56,None,200
105,25/Nov/2019 16:51:59,None,200
106,25/Nov/2019 16:52:32,None,404
107,25/Nov/2019 16:52:42,None,404
108,25/Nov/2019 16:52:48,None,404
109,25/Nov/2019 16:52:55,None,404
110,25/Nov/2019 16:53:09,None,404
111,25/Nov/2019 16:53:15,None,404
112,25/Nov/2019 16:53:19,None,200
113,25/Nov/2019 17:59:15,update_checkfile_required_packages,200
114,25/Nov/2019 18:03:33,update_testcase,200
115,25/Nov/2019 18:12:11,update_testcase,200
116,25/Nov/2019 18:23:57,get_problems,200
117,25/Nov/2019 18:24:15,get_problems,200
118,25/Nov/2019 18:24:29,get_problems,200
119,25/Nov/2019 18:38:43,get_problems,200
120,25/Nov/2019 18:38:53,get_problems,200
121,26/Nov/2019 08:14:15,get_problems,200
122,26/Nov/2019 08:14:15,None,404
123,26/Nov/2019 08:14:29,get_problems,200
124,26/Nov/2019 08:14:59,get_problems,200
125,26/Nov/2019 08:29:21,None,404
126,26/Nov/2019 08:33:42,None,404
127,26/Nov/2019 08:33:56,None,404
128,26/Nov/2019 09:05:02,None,200
129,26/Nov/2019 09:05:26,None,200
